Name,File_bert,Extroversion_bert,Neuroticism_bert,Agreeableness_bert,Conscientiousness_bert,Openness_bert,File_liwc,Extroversion_liwc,Neuroticism_liwc,Agreeableness_liwc,Conscientiousness_liwc,Openness_liwc
antonio neri,Antonio Neri - HPE.txt,0.50702707356465,0.5066016059743981,0.5548439714316534,0.6089625980750809,0.5773995667828664,Antonio Neri - HPE.txt,0.6000000000000001,0.4583333333333333,0.4833333333333334,0.525,0.6000000000000001
john doyle,John Doyle - MMC.txt,0.529525975925067,0.5027585422298491,0.5438572232669494,0.5842867009995184,0.5864406161027889,John Doyle - MMC.txt,0.5444444444444445,0.5777777777777778,0.5277777777777778,0.4333333333333333,0.6000000000000001
edward decker,Edward Decker - HD.txt,0.539327794019049,0.4864445930025501,0.5391676228931996,0.4695535522330409,0.5941228329835295,Edward Decker - HD.txt,0.6000000000000001,0.4714285714285714,0.5428571428571429,0.4285714285714286,0.5285714285714286
tricia griffith,1Tricia Griffith - PGR.txt,0.4847974140076291,0.4814386201990387,0.5547334284753718,0.6191674417525875,0.5684177084174417,1Tricia Griffith - PGR.txt,0.6000000000000001,0.52,0.555,0.48,0.5900000000000001
jon moeller,Jon Moeller - PG.txt,0.5404668780173495,0.4999755666964159,0.5471601423666601,0.4504441646035189,0.5930189631040436,Jon Moeller - PG.txt,0.5545454545454546,0.4363636363636364,0.6000000000000001,0.4454545454545455,0.5818181818181818
jacek olczak,Jacek Olczak - pm.txt,0.5209180126984438,0.5071358375234276,0.5406501774681913,0.5165758958369862,0.585044201785253,Jacek Olczak - pm.txt,0.4608695652173913,0.5130434782608696,0.4391304347826087,0.4695652173913043,0.6000000000000001
gail boudreaux,1Gail Boudreaux - ELV.txt,0.5414781020468189,0.5140535551228523,0.531424129764219,0.4385471033175739,0.5923285857769512,1Gail Boudreaux - ELV.txt,0.4875,0.4875,0.6000000000000001,0.525,0.55
matt meloy,Matt Meloy - TRGP.txt,0.4713001954270983,0.4777345910424434,0.5468110197013331,0.4992271620282214,0.5797423823117642,Matt Meloy - TRGP.txt,0.504,0.528,0.6000000000000001,0.448,0.56
james chriss,James Chriss - PYPL.txt,0.5466719617487115,0.4872804145126401,0.5489096176866972,0.6061766464362373,0.5776448839535838,James Chriss - PYPL.txt,0.5428571428571429,0.4952380952380952,0.6000000000000001,0.5238095238095238,0.580952380952381
michael mahoney,Michael Mahoney - BSX.txt,0.5321783903117449,0.4809351370941248,0.557775789659902,0.5893456499576141,0.5702421974223466,Michael Mahoney - BSX.txt,0.6000000000000001,0.5230769230769231,0.5384615384615385,0.4615384615384615,0.5846153846153846
elon musk,Elon Musk - TSLA.txt,0.5118564324828939,0.5211324170668149,0.548174082988309,0.5347401748409515,0.5699115225968271,Elon Musk - TSLA.txt,0.5,0.6000000000000001,0.4769230769230769,0.4923076923076923,0.5923076923076923
charlie scharf,Charlie Scharf - WFC.txt,0.4614425729150885,0.522436744088276,0.5428917265404752,0.4478618455566643,0.5180518929222097,Charlie Scharf - WFC.txt,0.5666666666666667,0.4666666666666667,0.4333333333333333,0.6000000000000001,0.6000000000000001
shantanu narayen,Shantanu Narayen - ADBE.txt,0.5398423221513245,0.4804126388326304,0.5517304970794885,0.6230579882281786,0.5565559130513019,Shantanu Narayen - ADBE.txt,0.5529411764705883,0.5176470588235295,0.5294117647058824,0.5058823529411764,0.6000000000000001
jeff harmening,Jeff Harmening - GIS.txt,0.5227582106376886,0.5048274407065585,0.5427354901644135,0.5026317477575015,0.5880625958773152,Jeff Harmening - GIS.txt,0.5090909090909091,0.4636363636363637,0.4727272727272728,0.4318181818181818,0.6000000000000001
preston feight,Preston Feight - PCAR.txt,0.5341967044901661,0.523866643659198,0.5325079713939471,0.4434997808809854,0.6058536173473635,Preston Feight - PCAR.txt,0.55,0.5750000000000001,0.6000000000000001,0.6000000000000001,0.525
scott kirby,Scott Kirby - UAL.txt,0.527036726474762,0.5087733268737793,0.5291789174079895,0.5083404779434204,0.5821076035499573,Scott Kirby - UAL.txt,0.5,0.6000000000000001,0.6000000000000001,0.4,0.5
wendell weeks,Wendell Weeks - GLW.txt,0.4881658690641274,0.5170171025411421,0.5396780131791651,0.452127181937263,0.5701729659476725,Wendell Weeks - GLW.txt,0.5846153846153846,0.4615384615384615,0.4461538461538462,0.4307692307692308,0.6000000000000001
nick zarcone,Nick Zarcone - LKQ.txt,0.5223402380943298,0.5353308022022247,0.5027274787425995,0.4195667078378553,0.611991358888983,Nick Zarcone - LKQ.txt,0.45,0.45,0.6000000000000001,0.475,0.45
tim cook,Tim Cook - AAPL.txt,0.5283392461187523,0.5219002708646335,0.5428620612071806,0.4797986209353256,0.5600450539813986,Tim Cook - AAPL.txt,0.6000000000000001,0.5555555555555556,0.4444444444444445,0.5333333333333333,0.5111111111111112
larry coben,Larry Coben - NRG.txt,0.5068613588809967,0.4969449043273926,0.5499442511552418,0.5536673665046692,0.5934062917851416,Larry Coben - NRG.txt,0.5800000000000001,0.52,0.54,0.56,0.6000000000000001
ray scott,Ray Scott - LEA.txt,0.4401422211998948,0.4995747564801343,0.5418129171474595,0.5126028334728505,0.5413410088270652,Ray Scott - LEA.txt,0.6000000000000001,0.6000000000000001,0.5800000000000001,0.6000000000000001,0.56
jane fraser,Jane Fraser - Citigroup CEO.txt,0.5086802689630874,0.5112971358553539,0.5425398313617245,0.514916249646502,0.585003786266174,Jane Fraser - Citigroup CEO.txt,0.52,0.4914285714285714,0.6000000000000001,0.5142857142857143,0.5371428571428571
gary dickerson,Gary Dickerson - AMAT.txt,0.54491820324021,0.499801367521286,0.5514634023142783,0.5092935447798195,0.6106763249682757,Gary Dickerson - AMAT.txt,0.5111111111111112,0.4222222222222222,0.4,0.4666666666666667,0.6
martin schroeter,Martin Schroeter - KD.txt,0.5289200987621974,0.5159647107440474,0.5354898578189591,0.5571914088625319,0.6032917031419104,Martin Schroeter - KD.txt,0.46,0.47,0.6000000000000001,0.52,0.49
saum sutaria,Saum Sutaria - THC.txt,0.501083348035341,0.4960818437724661,0.5453339926389656,0.5922004474856312,0.5644320846458435,Saum Sutaria - THC.txt,0.4896551724137931,0.4620689655172414,0.5172413793103449,0.5517241379310345,0.6000000000000001
satya nadella,Satya Nadella - MSFT.txt,0.5464501541266669,0.5218458564641673,0.5296962913946238,0.4422076067195729,0.606977805810839,Satya Nadella - MSFT.txt,0.56,0.5466666666666666,0.6000000000000001,0.44,0.56
greg hayes,Greg Hayes - RTX.txt,0.5099121332168579,0.5129026673476513,0.5391356646496889,0.4727982934573147,0.5838902943254666,Greg Hayes - RTX.txt,0.475,0.5,0.5,0.475,0.6000000000000001
rick dreiling,Rick Dreiling - DLTR.txt,0.481186995243718,0.5041351162282551,0.5479251021752033,0.4969199219334693,0.5765949631480396,Rick Dreiling - DLTR.txt,0.5142857142857143,0.5285714285714286,0.6000000000000001,0.5857142857142857,0.5285714285714286
billy gifford,Billy Gifford - MO.txt,0.5280030811547698,0.5055834083133615,0.5346004919684013,0.4674531795448362,0.5980895108081725,Billy Gifford - MO.txt,0.6000000000000001,0.5083333333333333,0.4333333333333333,0.5583333333333333,0.5166666666666667
jim burke,Jim Burke - VST.txt,0.5281742947203629,0.5112753130101219,0.5312225584897763,0.475621096876747,0.5825474734336151,Jim Burke - VST.txt,0.5217391304347826,0.6000000000000001,0.5565217391304348,0.4652173913043478,0.5130434782608696
safra catz -orcl,1Safra Catz -ORCL.txt,0.5205838481517101,0.5142462037777907,0.5493595997198872,0.4890076454485851,0.591931685397981,1Safra Catz -ORCL.txt,0.5666666666666667,0.5666666666666667,0.6000000000000001,0.6000000000000001,0.5666666666666667
fred lissalde,Fred Lissalde - BWA.txt,0.4982461590018928,0.481713646158576,0.5533673607051135,0.60310172267477,0.5585796771011224,Fred Lissalde - BWA.txt,0.6000000000000001,0.4363636363636364,0.4727272727272728,0.5818181818181819,0.4727272727272728
daniel fisher,Daniel Fisher - BALL.txt,0.4805600365467644,0.5078350384902455,0.549159127368717,0.5289687782945041,0.5855505274426622,Daniel Fisher - BALL.txt,0.4594594594594595,0.5081081081081081,0.5135135135135136,0.4702702702702703,0.6000000000000001
lorenzo simonelli,Lorenzo Simonelli - BKR.txt,0.5494687197048983,0.48826812207396,0.5382407178673478,0.510516722787235,0.5996641660113178,Lorenzo Simonelli - BKR.txt,0.45625,0.4375,0.43125,0.4375,0.6000000000000001
hans vestberg,Hans Vestberg - VZ.txt,0.544022173447145,0.5062798982963397,0.5405359636455745,0.4897474297732854,0.5846053665157129,Hans Vestberg - VZ.txt,0.6000000000000001,0.4333333333333333,0.5523809523809524,0.5285714285714286,0.4428571428571429
richard gonzalez,Richard Gonzalez - ABBV.txt,0.5296494074944251,0.5215127232925877,0.5724058264661381,0.6478597664422476,0.5763768349779294,Richard Gonzalez - ABBV.txt,0.6000000000000001,0.4571428571428572,0.5428571428571429,0.5571428571428572,0.6000000000000001
mike salvino,Mike Salvino - DXC.txt,0.5363777092598986,0.5197007777033211,0.5423123802108508,0.4626319819424155,0.5936271926454962,Mike Salvino - DXC.txt,0.5833333333333334,0.4833333333333333,0.6000000000000001,0.5666666666666667,0.525
ravi kumar,Ravi Kumar - CTSH.txt,0.535869078162784,0.4847533155731851,0.5495850857460396,0.5670612677620113,0.5584272872974524,Ravi Kumar - CTSH.txt,0.6000000000000001,0.4648648648648649,0.5405405405405406,0.4702702702702703,0.5297297297297298
ari bousbib,Ari Bousbib - IQV.txt,0.5018746829871494,0.5017509525500403,0.5282756022441629,0.4803514232604106,0.5841776013603618,Ari Bousbib - IQV.txt,0.5238095238095238,0.6000000000000001,0.5238095238095238,0.4285714285714286,0.5238095238095238
tony cheng,Tony Cheng - RGA.txt,0.5302223992724997,0.508160739056493,0.5294361676243626,0.4847616255283355,0.60481354897373,Tony Cheng - RGA.txt,0.5428571428571429,0.5285714285714286,0.6000000000000001,0.4714285714285715,0.5142857142857143
larry culp,Larry Culp - GE.txt,0.5158968567848206,0.4892741739749908,0.5833854966451251,0.6471371948719025,0.6090658116829963,Larry Culp - GE.txt,0.4823529411764706,0.4470588235294118,0.4588235294117647,0.5411764705882354,0.6000000000000001
laxman narasimhan,Laxman Narasimhan - SBUX.txt,0.544831934968752,0.5295512555533146,0.539198564091671,0.4427685471861282,0.5891247693135759,Laxman Narasimhan - SBUX.txt,0.49,0.52,0.6000000000000001,0.45,0.52
andrew clyde,Andrew Clyde - MUSA.txt,0.5012764390693438,0.5222878038983494,0.5300142143704784,0.4465413617671318,0.5762633799572772,Andrew Clyde - MUSA.txt,0.6000000000000001,0.52,0.54,0.46,0.56
ramon laguarta,Ramon Laguarta - PEP.txt,0.542658148544798,0.4881022260673949,0.5498234643691831,0.5371112859003143,0.579985044758073,Ramon Laguarta - PEP.txt,0.468,0.44,0.456,0.452,0.6000000000000001
kim dang,1Kim Dang - KMI.txt,0.4867070406926193,0.4906335171716867,0.556172242402589,0.5580030337359694,0.5651098964378394,1Kim Dang - KMI.txt,0.6000000000000001,0.5666666666666667,0.5833333333333334,0.55,0.5166666666666667
brian cornell,Brian Cornell - TGT.txt,0.5494553121508375,0.4826804788444283,0.5567298356825577,0.5949628183133158,0.5838980148715807,Brian Cornell - TGT.txt,0.5666666666666667,0.4333333333333333,0.5083333333333333,0.475,0.6000000000000001
jenny parmentier,1Jenny Parmentier - PH.txt,0.4566452670523007,0.5118823672608729,0.5412407290011138,0.3913014818234444,0.542696098452012,1Jenny Parmentier - PH.txt,0.5375000000000001,0.5,0.5125000000000001,0.45,0.6
jenny parmentier,1Jenny Parmentier - PH.txt,0.4566452670523007,0.5118823672608729,0.5412407290011138,0.3913014818234444,0.542696098452012,Jenny Parmentier - PH.txt,0.5375000000000001,0.5,0.5125000000000001,0.45,0.6
darren woods,Darren Woods - XOM.txt,0.5349752354733032,0.5282963431828728,0.5370471858305719,0.4496774885853808,0.5852827217979018,Darren Woods - XOM.txt,0.5358490566037736,0.5283018867924528,0.5735849056603775,0.6000000000000001,0.6000000000000001
anthony capuano,Anthony Capuano - MAR.txt,0.5625249258374927,0.5078434984020923,0.5496711178570904,0.5473890247010789,0.579007431624055,Anthony Capuano - MAR.txt,0.5555555555555556,0.4962962962962963,0.4666666666666667,0.4666666666666667,0.6000000000000001
pierce norton,Pierce Norton - OKE.txt,0.4565650037091364,0.4759815633296966,0.5597814513954689,0.6389211931727357,0.4976452589035034,Pierce Norton - OKE.txt,0.4285714285714286,0.4857142857142857,0.6000000000000001,0.4857142857142857,0.4285714285714286
jensen huang,Jensen Huang - NVDA.txt,0.5167925976451748,0.5256295949755823,0.5408631096409963,0.4613297623633696,0.5863059965405577,Jensen Huang - NVDA.txt,0.456,0.456,0.48,0.512,0.6000000000000001
ryan mcinerney,Ryan McInerney - V.txt,0.5506199705544852,0.4864448787502373,0.5333337102073795,0.5022453915416439,0.606790799945016,Ryan McInerney - V.txt,0.5142857142857143,0.5928571428571429,0.5285714285714286,0.5071428571428571,0.6000000000000001
bruce bodine,Bruce Bodine - MOS.txt,0.5269434164905982,0.4795576961546151,0.5767128921245745,0.5736106425538249,0.5861635496608006,Bruce Bodine - MOS.txt,0.6000000000000001,0.5142857142857143,0.5523809523809524,0.580952380952381,0.5238095238095238
bob blue,Bob Blue - D.txt,0.5222594720154698,0.4950021479391471,0.572426744766783,0.6237745583226942,0.5628425829074557,Bob Blue - D.txt,0.5538461538461539,0.4615384615384615,0.6000000000000001,0.5230769230769231,0.4615384615384615
marvin  ellison,Marvin  Ellison - LOW.txt,0.5460772147668539,0.4788646079632711,0.5509490329789712,0.6006223631503896,0.5797083448471367,Marvin  Ellison - LOW.txt,0.5,0.5285714285714286,0.5571428571428572,0.5285714285714286,0.6000000000000001
david rush,David Rush - BLDR.txt,0.4943031668663024,0.5149241305806537,0.543353092002192,0.5129327178001404,0.5879904753465609,David Rush - BLDR.txt,0.5428571428571429,0.5142857142857143,0.6000000000000001,0.4571428571428572,0.5714285714285714
vicki hollub,1Vicki Hollub - OXY.txt,0.4563291255738096,0.4713222441907004,0.5531671416947015,0.6026906264413633,0.5146640125836455,1Vicki Hollub - OXY.txt,0.52,0.48,0.6000000000000001,0.4933333333333333,0.52
carrie wheeler,1Carrie Wheeler - OPEN.txt,0.5315872014076328,0.4907108650864166,0.5472738884810529,0.4746825768559721,0.599767152556517,1Carrie Wheeler - OPEN.txt,0.6000000000000001,0.4428571428571429,0.4857142857142857,0.5285714285714286,0.5571428571428572
marc benioff,Marc Benioff - CRM.txt,0.539130352700186,0.5271116143820391,0.5453641515593948,0.4386088121183892,0.5796600040978079,Marc Benioff - CRM.txt,0.5111111111111112,0.4444444444444445,0.6000000000000001,0.5555555555555556,0.5481481481481483
mark sutton,Mark Sutton - IP.txt,0.4845718484543534,0.5094571957362612,0.5486298209116385,0.509141017632332,0.5874248796954048,Mark Sutton - IP.txt,0.5833333333333334,0.4666666666666667,0.55,0.55,0.6000000000000001
james taiclet,James Taiclet - LMT.txt,0.5010264242409066,0.5235005887084041,0.5390728386921719,0.4592862094023321,0.5838941982481458,James Taiclet - LMT.txt,0.4833333333333334,0.5,0.6000000000000001,0.6000000000000001,0.5416666666666667
daniel o’day,Daniel O’Day - GILD.txt,0.5138794779777527,0.4911490678787231,0.5431622266769409,0.5116429328918457,0.5834324955940247,Daniel O’Day - GILD.txt,0.45,0.5,0.5,0.5,0.6000000000000001
stéphane bancel,Stéphane Bancel - MRNA.txt,0.5181164870880752,0.4873745489131026,0.5486416123988594,0.6222236150145776,0.5523323090656566,Stéphane Bancel - MRNA.txt,0.6000000000000001,0.5636363636363637,0.5636363636363637,0.4363636363636364,0.4727272727272728
todd vasos,Todd Vasos - DG.txt,0.5206808938928654,0.5175602504297263,0.5454773338900024,0.4616927354315535,0.6038218033853255,Todd Vasos - DG.txt,0.6000000000000001,0.528,0.5760000000000001,0.432,0.464
jeffrey miller,Jeffrey Miller - HAL.txt,0.5315069491648928,0.5027397542491121,0.5451674507158115,0.5682988398714436,0.5950148720131107,Jeffrey Miller - HAL.txt,0.4736842105263158,0.5473684210526316,0.6000000000000001,0.5578947368421053,0.5526315789473685
john donahoe,John Donahoe - NKE.txt,0.5522068849807487,0.4872916289708225,0.5491592692942078,0.4478038054586358,0.5936579940490789,John Donahoe - NKE.txt,0.6,0.5368421052631579,0.5368421052631579,0.6,0.5368421052631579
bill demchak,Bill Demchak - PNC.txt,0.4774591550639677,0.4838886237654278,0.5476419567566845,0.5903922516072406,0.5669470601886308,Bill Demchak - PNC.txt,0.4864864864864865,0.6000000000000001,0.5459459459459459,0.4540540540540541,0.5081081081081081
sean o_connor,Sean O_Connor - SNEX.txt,0.5220431266947871,0.5327364414395369,0.5444668315392688,0.4440903571605225,0.5895884952827952,Sean O_Connor - SNEX.txt,0.6000000000000001,0.4666666666666667,0.5111111111111112,0.4888888888888889,0.5333333333333333
john owen,John Owen - DFS.txt,0.5268452167510986,0.4840455949306488,0.5379305481910706,0.5187510251998901,0.5643944144248962,John Owen - DFS.txt,0.4666666666666667,0.6000000000000001,0.4,0.4,0.6000000000000001
adam schechter,Adam Schechter - LH.txt,0.545868649358827,0.4791565007252178,0.5591327519774753,0.6278225707312133,0.5983443387363774,Adam Schechter - LH.txt,0.4901960784313726,0.4313725490196078,0.4862745098039216,0.4196078431372549,0.6000000000000001
robert bradway,Robert Bradway - AMGN.txt,0.465573035993634,0.4928582671089062,0.5439265732719994,0.5495379180637119,0.5654928404272898,Robert Bradway - AMGN.txt,0.5900000000000001,0.54,0.5,0.52,0.6
eric slifka,Eric Slifka - GLP.txt,0.5392354130744934,0.4712940454483032,0.5730904340744019,0.6287673115730286,0.5844082832336426,Eric Slifka - GLP.txt,0.4857142857142857,0.4285714285714286,0.4571428571428572,0.4,0.6000000000000001
john roberts,John Roberts - JBHT.txt,0.5307425737279667,0.4700348353324404,0.5468489209435062,0.6481953992093903,0.5631178427661698,John Roberts - JBHT.txt,0.6000000000000001,0.4363636363636364,0.5272727272727273,0.4545454545454546,0.5090909090909091
chris leahy,1Chris Leahy - CDW.txt,0.5152397053809891,0.5158351956888418,0.537324991389595,0.4606643042963855,0.5853479985345851,1Chris Leahy - CDW.txt,0.6000000000000001,0.475,0.5166666666666667,0.525,0.4833333333333334
brad beckham,Brad Beckham - ORLY.txt,0.5118923221044879,0.5111420492553587,0.5422634722169182,0.5410414779989379,0.56447378660382,Brad Beckham - ORLY.txt,0.5724137931034483,0.4413793103448276,0.6000000000000001,0.4827586206896552,0.496551724137931
brad beckham,Brad Beckham - ORLY.txt,0.5118923221044879,0.5111420492553587,0.5422634722169182,0.5410414779989379,0.56447378660382,Brad Beckham - ORLU.txt,0.5724137931034483,0.4413793103448276,0.6000000000000001,0.4827586206896552,0.496551724137931
rich hume,Rich Hume - SNX.txt,0.5118920804718001,0.4996428461417893,0.5397772701725075,0.5261010768955865,0.5798110558408719,Rich Hume - SNX.txt,0.4888888888888889,0.4777777777777778,0.4666666666666667,0.45,0.6000000000000001
david smith,David Smith - SAH.txt,0.5175986886024475,0.5264635682106018,0.4964794516563415,0.4346181452274322,0.5851086378097534,David Smith - SAH.txt,0.45,0.45,0.6000000000000001,0.4,0.55
dave calhoun,Dave Calhoun - BA.txt,0.4616095341250966,0.517142872233632,0.5458746555804066,0.4645379988701002,0.569281470591825,Dave Calhoun - BA.txt,0.5,0.525,0.6000000000000001,0.6000000000000001,0.55
tom bell,Tom Bell - LDOS.txt,0.4463164888827777,0.4895993119320174,0.539747485783311,0.5440167297961974,0.5519033102065721,Tom Bell - LDOS.txt,0.4933333333333333,0.44,0.5933333333333334,0.56,0.6000000000000001
david ricks,David Ricks - LLY.txt,0.5071633167319538,0.5348149318538499,0.5251952347097502,0.4616951233493478,0.5412966091304723,David Ricks - LLY.txt,0.45,0.6000000000000001,0.45,0.4375,0.4875
darren rebelez,Darren Rebelez - CASY.txt,0.552241718946491,0.5007749662472034,0.551150861051332,0.5761336275242421,0.596906733118531,Darren Rebelez - CASY.txt,0.6000000000000001,0.5517241379310345,0.5379310344827587,0.5103448275862069,0.5931034482758621
david hult,David Hult - ABG.txt,0.4848888391942453,0.4828821625422625,0.5712587325095579,0.6323525750958368,0.5429567894180907,David Hult - ABG.txt,0.6000000000000001,0.4533333333333333,0.5333333333333334,0.48,0.5733333333333334
david hult,David Hult - ABG.txt,0.4848888391942453,0.4828821625422625,0.5712587325095579,0.6323525750958368,0.5429567894180907,David Hult - ANG.txt,0.6000000000000001,0.4533333333333333,0.5333333333333334,0.48,0.5733333333333334
mike hsu,Mike Hsu - KMB.txt,0.5317205519932102,0.5210518010426782,0.540281146519029,0.4473532822261524,0.5935100790749175,Mike Hsu - KMB.txt,0.6000000000000001,0.504,0.532,0.46,0.512
michael miebach,Michael Miebach - MA.txt,0.4588623923599108,0.509706497778868,0.5472684217375565,0.4841459688764641,0.5545273692292222,Michael Miebach - MA.txt,0.6000000000000001,0.4916666666666667,0.5916666666666667,0.4833333333333333,0.5916666666666667
jonas prising,Jonas Prising - MAN.txt,0.5489364552232856,0.5014665309504412,0.5434608167301169,0.5488880555272175,0.5963069764751088,Jonas Prising - MAN.txt,0.552,0.536,0.464,0.472,0.6000000000000001
david solomon,David Solomon - GS.txt,0.5062516034593152,0.5116562018173203,0.5422819570932816,0.6015675139793245,0.5981953030881836,David Solomon - GS.txt,0.5538461538461539,0.4769230769230769,0.6000000000000001,0.5307692307692308,0.5230769230769231
mark lashier,Mark Lashier - PSX.txt,0.5168650418277914,0.5028995275497437,0.5320412060897556,0.4644182397676156,0.5678417929163881,Mark Lashier - PSX.txt,0.5166666666666667,0.4166666666666667,0.6000000000000001,0.4666666666666667,0.45
sean kerins,Sean Kerins - ARW.txt,0.5035457293850423,0.5145707110978274,0.539861028256623,0.4944912200882779,0.5906132701979684,Sean Kerins - ARW.txt,0.5285714285714286,0.4857142857142857,0.5142857142857143,0.4714285714285715,0.6000000000000001
david zaslav,David Zaslav - WBD.txt,0.5422247793510742,0.5169419023014469,0.540657663509539,0.4447429910269365,0.603778898549816,David Zaslav - WBD.txt,0.6000000000000001,0.49,0.5700000000000001,0.43,0.52
james c,James C. Fish - WM.txt,0.4995480660267148,0.4756542579358983,0.5501690456341317,0.5530671169904441,0.5917641884569642,James C. Fish - WM.txt,0.6000000000000001,0.5833333333333334,0.55,0.4833333333333333,0.5333333333333333
sundar pichai,Sundar Pichai - GOOGL.txt,0.5208815510751171,0.5224160925940091,0.5339797110880897,0.4596820202137907,0.5787921834566306,Sundar Pichai - GOOGL.txt,0.4666666666666667,0.4444444444444445,0.4444444444444445,0.6000000000000001,0.6000000000000001
jeff martin,Jeff Martin - SRE.txt,0.5485691649926626,0.4904059338643279,0.5438792815898945,0.5341056369204636,0.5937828168317916,Jeff Martin - SRE.txt,0.5,0.5166666666666667,0.5666666666666667,0.6000000000000001,0.6000000000000001
marc n,Marc N. Casper - TMO.txt,0.5462422941215364,0.5143004881568993,0.538652497656648,0.5142895802941663,0.5855015681244456,Marc N. Casper - TMO.txt,0.5,0.4294117647058824,0.5117647058823529,0.4764705882352941,0.6000000000000001
david hult,David Hult - ANG.txt,0.4848888391942453,0.4828821625422625,0.5712587325095579,0.6323525750958368,0.5429567894180907,David Hult - ABG.txt,0.6000000000000001,0.4533333333333333,0.5333333333333334,0.48,0.5733333333333334
david hult,David Hult - ANG.txt,0.4848888391942453,0.4828821625422625,0.5712587325095579,0.6323525750958368,0.5429567894180907,David Hult - ANG.txt,0.6000000000000001,0.4533333333333333,0.5333333333333334,0.48,0.5733333333333334
scott donnelly,Scott Donnelly - TXT.txt,0.5152431418131312,0.5059897125693807,0.5511523779014411,0.4485621154281992,0.5847943937244527,Scott Donnelly - TXT.txt,0.5,0.6000000000000001,0.5214285714285715,0.4928571428571429,0.6000000000000001
ben fowke,Ben Fowke - AEP.txt,0.4813670839719696,0.4943799349615381,0.5493673161506508,0.6369944984441418,0.5922217858368573,Ben Fowke - AEP.txt,0.525,0.4375,0.6000000000000001,0.6000000000000001,0.5750000000000001
paul donahue,Paul Donahue - GPC.txt,0.5103691816329956,0.4853783845901489,0.560417652130127,0.5165248513221741,0.5599982142448425,Paul Donahue - GPC.txt,0.6000000000000001,0.4,0.4857142857142857,0.4571428571428572,0.4285714285714286
glenn fogel,Glenn Fogel - BKNG.txt,0.5393992121996175,0.4843942665856822,0.5543188034203295,0.5470948484140548,0.5651965068679687,Glenn Fogel - BKNG.txt,0.4769230769230769,0.4461538461538462,0.6000000000000001,0.4230769230769231,0.5153846153846154
james cracchiolo,James Cracchiolo - AMP.txt,0.538675967473563,0.4935765564441681,0.5614875956566103,0.5022829174995422,0.5842185387712676,James Cracchiolo - AMP.txt,0.6000000000000001,0.4285714285714286,0.5142857142857143,0.4857142857142857,0.5714285714285714
phebe novakovic,1Phebe Novakovic - GD.txt,0.5348647221677121,0.4763558706499039,0.5710575322732249,0.6512398961716941,0.5690207350841513,1Phebe Novakovic - GD.txt,0.475,0.475,0.475,0.6000000000000001,0.49375
steven collis,Steven Collis - COR.txt,0.5411695025221743,0.5167215116597929,0.5355520002530114,0.4597322391503442,0.5776132813926331,Steven Collis - COR.txt,0.5555555555555556,0.4333333333333333,0.6000000000000001,0.4444444444444445,0.5111111111111111
priscilla almodovar,1Priscilla Almodovar - FNMA.txt,0.5550534914636346,0.48918555619511,0.5482686399354744,0.4902808424787756,0.5727600182857707,1Priscilla Almodovar - FNMA.txt,0.4727272727272728,0.6000000000000001,0.5636363636363637,0.5818181818181818,0.4727272727272728
kathy warden,1Kathy Warden - NOC.txt,0.4521779881756089,0.4967378487114079,0.5349381434755893,0.5874908578680247,0.5652771341751407,1Kathy Warden - NOC.txt,0.4857142857142857,0.4642857142857143,0.5571428571428572,0.5285714285714286,0.6000000000000001
avigal soreq,Avigal Soreq - DK.txt,0.488397179590032,0.4850350995328936,0.5447482401063305,0.5131396580987015,0.549576771514177,Avigal Soreq - DK.txt,0.48,0.6000000000000001,0.5066666666666667,0.44,0.4666666666666667
don allan,Don Allan - SWK.txt,0.568976030386134,0.4846573990596313,0.5676317957411839,0.6575585592017283,0.6002630590317014,Don Allan - SWK.txt,0.5666666666666667,0.5333333333333334,0.4666666666666667,0.6000000000000001,0.5666666666666667
kevin kwilinski,Kevin Kwilinski - BERY.txt,0.5286043876067401,0.5041294724103282,0.5346191859510699,0.5733467310734119,0.5897054199767426,Kevin Kwilinski - BERY.txt,0.4693877551020408,0.4448979591836735,0.4653061224489796,0.5142857142857143,0.6000000000000001
andy cecere,Andy Cecere - USB.txt,0.5494477223072015,0.4853541505894896,0.5572168253991242,0.5604525468983789,0.5767524064382641,Andy Cecere - USB.txt,0.4545454545454546,0.5090909090909091,0.5636363636363637,0.5454545454545455,0.6000000000000001
vimal kapur,Vimal Kapur - HON.txt,0.5130173446772938,0.4924660602727667,0.552335834619082,0.6277461544915693,0.5834749066948625,Vimal Kapur - HON.txt,0.4724137931034483,0.4206896551724138,0.4758620689655173,0.4862068965517241,0.6000000000000001
rodney mcmullen,Rodney McMullen - KR.txt,0.4714673649103969,0.5133941836745054,0.541073280994116,0.5316436066959913,0.5515456539956407,Rodney McMullen - KR.txt,0.5696969696969697,0.4363636363636364,0.6000000000000001,0.4303030303030303,0.5575757575757576
ed breen,Ed Breen - DD.txt,0.4884852130885161,0.5065110856194572,0.5415166803789248,0.4668526644366546,0.5742760126221103,Ed Breen - DD.txt,0.6000000000000001,0.5647058823529412,0.5647058823529412,0.4235294117647059,0.5058823529411764
sandy douglas,Sandy Douglas - UNFI.txt,0.5078083585982771,0.5010200180159307,0.5533523163675247,0.599894835280806,0.5742317026519492,Sandy Douglas - UNFI.txt,0.5058823529411764,0.4470588235294118,0.5686274509803921,0.5529411764705883,0.6000000000000001
chris womack,Chris Womack - SO.txt,0.5121673581472392,0.499323277757892,0.5506191451643897,0.4816695954603958,0.5886620117956389,Chris Womack - SO.txt,0.43,0.48,0.6000000000000001,0.53,0.6000000000000001
dan houston,Dan Houston - PFG.txt,0.4933362901210785,0.4791642756157159,0.5562054990561559,0.6292565021220838,0.5191037054416467,Dan Houston - PFG.txt,0.4947368421052631,0.4421052631578948,0.6000000000000001,0.4526315789473684,0.4526315789473684
ryan lance,Ryan Lance - COP.txt,0.4665281439063011,0.4824977158267222,0.5445146461952237,0.474101960844959,0.5480219286270996,Ryan Lance - COP.txt,0.4823529411764706,0.5176470588235295,0.5294117647058824,0.6000000000000001,0.5411764705882354
albert chao,Albert Chao - WLK.txt,0.5178825417603621,0.4901733586562565,0.5399750465796266,0.4393421064988958,0.5558618936464135,Albert Chao - WLK.txt,0.5166666666666667,0.6000000000000001,0.6000000000000001,0.5,0.5333333333333333
bob sulentic,Bob Sulentic - CBRE.txt,0.5357738597500425,0.5088800215845778,0.5315093860620808,0.5597913113367153,0.5904038228198767,Bob Sulentic - CBRE.txt,0.4818181818181818,0.5181818181818182,0.4181818181818182,0.4181818181818182,0.6000000000000001
bryan deboer,Bryan DeBoer - LAD.txt,0.4967724190680166,0.5052205928659697,0.5451040236699407,0.5713070977219079,0.5594731302005604,Bryan DeBoer - LAD.txt,0.5636363636363637,0.4454545454545455,0.5090909090909091,0.6000000000000001,0.5454545454545454
kevin hourican,Kevin Hourican - SYY.txt,0.5391738021698013,0.466074648787274,0.5412138255900124,0.5884416332783442,0.5794810784863995,Kevin Hourican - SYY.txt,0.5405405405405406,0.427027027027027,0.6,0.4918918918918919,0.5405405405405406
pedro pizarro,Pedro Pizarro - EIX.txt,0.5059426578958117,0.4916117412206349,0.586848981545647,0.6526042629734558,0.5941274464122791,Pedro Pizarro - EIX.txt,0.52,0.46,0.6000000000000001,0.48,0.54
jim umpleby,Jim Umpleby - CAT.txt,0.5203794210476012,0.4864301607016307,0.538292879318142,0.5762544803891221,0.5801394205485976,Jim Umpleby - CAT.txt,0.4888888888888889,0.6000000000000001,0.4777777777777778,0.5333333333333334,0.5888888888888889
robert isom,Robert Isom - AAL.txt,0.5412918858843272,0.5095214651752951,0.5468273064971393,0.5011232335546641,0.6067383339911497,Robert Isom - AAL.txt,0.6000000000000001,0.4260869565217391,0.5130434782608696,0.5565217391304348,0.5304347826086957
albert bourla,Albert Bourla - PFE.txt,0.5154999737210842,0.4856630938763732,0.5410602859064515,0.5507226606537775,0.5713159219740199,Albert Bourla - PFE.txt,0.6000000000000001,0.5,0.5923076923076923,0.5538461538461539,0.576923076923077
hock tan,Hock Tan - AVGO.txt,0.4705952711143011,0.4913356419030137,0.5419548777062694,0.5441702652896511,0.5680265221119405,Hock Tan - AVGO.txt,0.54,0.52,0.54,0.52,0.6000000000000001
john stankey,John Stankey - T.txt,0.5324483000849787,0.5052753553158081,0.5434779103413341,0.5526967477970698,0.5757614807744506,John Stankey - T.txt,0.5363636363636364,0.4909090909090909,0.6000000000000001,0.5772727272727273,0.5909090909090909
alan shaw,Alan Shaw - NSC.txt,0.551762843936203,0.5055877916392324,0.5272896966408153,0.4693038770841693,0.6206211911508714,Alan Shaw - NSC.txt,0.5214285714285715,0.4142857142857143,0.4857142857142857,0.6000000000000001,0.5357142857142858
andrew witty,Andrew Witty - UNH.txt,0.4839129771129193,0.52018777569276,0.5154274612033267,0.4439928235636426,0.5797731649948985,Andrew Witty - UNH.txt,0.4814814814814815,0.5851851851851853,0.6000000000000001,0.4444444444444445,0.4962962962962963
enrique lores,Enrique Lores - HPQ.txt,0.5250658960229958,0.4927795598779783,0.552333008551136,0.5353921548977093,0.5318209424953115,Enrique Lores - HPQ.txt,0.5090909090909091,0.4454545454545455,0.6000000000000001,0.5,0.6000000000000001
arvind krishna,Arvind Krishna - IBM.txt,0.512606808854197,0.4994449449943031,0.5439476981579932,0.6459904650277819,0.5729390023715359,Arvind Krishna - IBM.txt,0.5230769230769231,0.4461538461538462,0.4769230769230769,0.4923076923076923,0.6000000000000001
tim knavish,Tim Knavish - PPG.txt,0.5368045184069038,0.4858529891654828,0.5527246023603846,0.5583860985779636,0.5878491300753486,Tim Knavish - PPG.txt,0.6000000000000001,0.535483870967742,0.4967741935483871,0.535483870967742,0.5741935483870968
lourenco goncalves,Lourenco Goncalves - FCX.txt,0.446495283506031,0.5173542488826774,0.5386192818245411,0.5652473260900911,0.5689119107668353,Lourenco Goncalves - FCX.txt,0.5818181818181819,0.4818181818181818,0.6000000000000001,0.4363636363636364,0.5
lourenco goncalves,Lourenco Goncalves - FCX.txt,0.446495283506031,0.5173542488826774,0.5386192818245411,0.5652473260900911,0.5689119107668353,Lourenco Goncalves - CLF.txt,0.5818181818181819,0.4818181818181818,0.6000000000000001,0.4363636363636364,0.5
richard dickson,Richard Dickson - GAP.txt,0.5595929679992039,0.5005104665265941,0.5165008123024516,0.4243729229834022,0.6213731576655497,Richard Dickson - GAP.txt,0.576923076923077,0.4076923076923077,0.5076923076923078,0.5307692307692308,0.6000000000000001
mark stewart,Mark Stewart - GT.txt,0.5270094871520996,0.4776583909988403,0.5476493239402771,0.6575881838798523,0.507623016834259,Mark Stewart - GT.txt,0.5666666666666667,0.4666666666666667,0.6000000000000001,0.6000000000000001,0.5666666666666667
judy marks,Judy Marks - OTIS.txt,0.4790664111845205,0.5118522990026204,0.5335558551133452,0.5533220200265848,0.5189481207170586,Judy Marks - OTIS.txt,0.6000000000000001,0.4210526315789474,0.5578947368421053,0.5052631578947369,0.4736842105263158
judy marks,Judy Marks - OTIS.txt,0.4790664111845205,0.5118522990026204,0.5335558551133452,0.5533220200265848,0.5189481207170586,1Judy Marks - OTIS.txt,0.6000000000000001,0.4210526315789474,0.5578947368421053,0.5052631578947369,0.4736842105263158
lane riggs,Lane Riggs - VLO.txt,0.5435989726217921,0.5039873837511821,0.5558164958415409,0.4378360014075302,0.5973108866589696,Lane Riggs - VLO.txt,0.55,0.5166666666666667,0.5166666666666667,0.6000000000000001,0.4666666666666667
timothy wentworth,Timothy Wentworth - WBA.txt,0.5828028917312622,0.4971183538436889,0.5530371069908142,0.6254639029502869,0.555496871471405,Timothy Wentworth - WBA.txt,0.4769230769230769,0.4153846153846154,0.6000000000000001,0.4307692307692308,0.5
cristiano amon,Cristiano Amon - QCOM.txt,0.5330483082231219,0.4995859827867515,0.5339830294828775,0.4480049660560224,0.5851774796640855,Cristiano Amon - QCOM.txt,0.5333333333333334,0.4666666666666667,0.5428571428571429,0.4761904761904762,0.6000000000000001
marc miller,Marc Miller - UHS.txt,0.5373823553431226,0.5053651610262415,0.5460340245961693,0.6570955216884613,0.5675844235447274,Marc Miller - UHS.txt,0.44,0.48,0.6000000000000001,0.44,0.56
james fitterling,James Fitterling - DOW.txt,0.5068348162271815,0.4986130440087047,0.5554742079834578,0.5788885120966455,0.564839945359471,James Fitterling - DOW.txt,0.525,0.5125000000000001,0.4875,0.4375,0.6000000000000001
marc bitzer,Marc Bitzer - WHR.txt,0.4940639059501921,0.5060072298737999,0.5307858104819032,0.4574347391082104,0.5796974633578038,Marc Bitzer - WHR.txt,0.6000000000000001,0.6000000000000001,0.4666666666666667,0.4933333333333333,0.5866666666666667
bom kim,Bom Kim - CPNG.txt,0.5376055504931904,0.4900273146451802,0.5515482858487069,0.5281569394976983,0.5921323692401071,Bom Kim - CPNG.txt,0.5217391304347827,0.4521739130434782,0.5217391304347827,0.5217391304347827,0.6000000000000001
heidi petz,Heidi Petz - SHW.txt,0.5238991597316194,0.4833863830772488,0.5546891864309096,0.6081661055229273,0.5801274485942014,Heidi Petz - SHW.txt,0.6000000000000001,0.45,0.54,0.475,0.5
mark zuckerberg,Mark Zuckerberg - META.txt,0.5610696190991662,0.4874223483902881,0.5552404423445937,0.6341343169058439,0.5517473125346496,Mark Zuckerberg - META.txt,0.5058823529411764,0.6000000000000001,0.5411764705882354,0.5176470588235295,0.5764705882352941
bruce broussard,Bruce Broussard - HUM.txt,0.5279281315968569,0.4899769750755808,0.5445651121711971,0.5943827011008569,0.5706137855957238,Bruce Broussard - HUM.txt,0.5176470588235295,0.5882352941176471,0.5882352941176471,0.6,0.5529411764705883
ellen cooper,Ellen Cooper - LNC.txt,0.5403079582710398,0.4966728985309601,0.5516595582117622,0.6512768804713869,0.5368616849984365,Ellen Cooper - LNC.txt,0.48,0.52,0.5,0.44,0.6000000000000001
ellen cooper,Ellen Cooper - LNC.txt,0.5403079582710398,0.4966728985309601,0.5516595582117622,0.6512768804713869,0.5368616849984365,1Ellen Cooper - LNC.txt,0.48,0.52,0.5,0.44,0.6000000000000001
robert iger,Robert Iger - DIS.txt,0.5572273363916005,0.4906882344492975,0.5443655832460953,0.5284967647507969,0.6037635802831585,Robert Iger - DIS.txt,0.4347826086956522,0.4869565217391304,0.5130434782608696,0.5739130434782609,0.6
ezra yacob,Ezra Yacob - EOG.txt,0.5140735810287415,0.5065445037900945,0.5474158368541175,0.5330843446476858,0.5843727905994947,Ezra Yacob - EOG.txt,0.4714285714285715,0.4714285714285715,0.5,0.45,0.6000000000000001
joaquin duato,Joaquin Duato - JNJ.txt,0.5554966227907119,0.4799889743029333,0.5559981488281587,0.6047547800289601,0.5863469186149328,Joaquin Duato - JNJ.txt,0.4430769230769231,0.4307692307692308,0.4769230769230769,0.4830769230769231,0.6
kate johnson,1Kate Johnson - LUMN.txt,0.5589245279523661,0.5028145310830398,0.5535640128500322,0.438490427047425,0.6104677748730044,1Kate Johnson - LUMN.txt,0.6000000000000001,0.4347826086956522,0.5391304347826087,0.4695652173913044,0.4956521739130435
peter zaffino,Peter Zaffino - AIG.txt,0.535476619248886,0.4840984092000099,0.5558514215149999,0.5833230274786759,0.6003089784834125,Peter Zaffino - AIG.txt,0.5263157894736843,0.6000000000000001,0.4526315789473684,0.431578947368421,0.5578947368421052
michael kasbar,Michael Kasbar - WKC.txt,0.4623324621743881,0.5020832203299204,0.5537879380001416,0.5945260970386747,0.5390583390868493,Michael Kasbar - WKC.txt,0.6000000000000001,0.4461538461538462,0.5692307692307692,0.4461538461538462,0.4769230769230769
corie s,1Corie S. Barry - BBY.txt,0.5295915114947362,0.5212983184407031,0.5337754853744758,0.4759667707737037,0.5952484450886433,1Corie S. Barry - BBY.txt,0.4666666666666667,0.4848484848484848,0.6000000000000001,0.4606060606060606,0.5696969696969697
barbara rentler,1Barbara Rentler - ROST.txt,0.5614253892321739,0.4954283745791005,0.551486121810225,0.5253681441915418,0.6006637291528827,1Barbara Rentler - ROST.txt,0.5142857142857143,0.4357142857142857,0.6000000000000001,0.5714285714285715,0.5
christopher kubasik,Christopher Kubasik - LHX.txt,0.4935962688927465,0.4894238379471319,0.5526341925972469,0.5624681477474791,0.5707061899591337,Christopher Kubasik - LHX.txt,0.49375,0.46875,0.6000000000000001,0.5375000000000001,0.5437500000000001
tom polen,Tom Polen - BDX.txt,0.4760231747029489,0.5004529530885703,0.547918999134452,0.5875218056031644,0.5355675001923919,Tom Polen - BDX.txt,0.4452830188679245,0.4377358490566038,0.4566037735849056,0.5056603773584906,0.6000000000000001
andrew marsh,Andrew Marsh - ETR.txt,0.5143239498138428,0.5188708305358887,0.508500337600708,0.4424593448638916,0.5731567740440369,Andrew Marsh - ETR.txt,0.4,0.45,0.45,0.6000000000000001,0.45
paul romanowski,Paul Romanowski - DHI.txt,0.467446506023407,0.4934709032210513,0.5567706143473979,0.6363402527421339,0.5390165483710773,Paul Romanowski - DHI.txt,0.5666666666666667,0.4166666666666667,0.6000000000000001,0.4833333333333333,0.5
patricia poppe,1Patricia Poppe - PCG.txt,0.4894259255186489,0.4801418573093548,0.5506280431689758,0.6370512726478099,0.5645394553589623,1Patricia Poppe - PCG.txt,0.4894736842105263,0.4368421052631579,0.4842105263157895,0.5526315789473685,0.6000000000000001
troy rudd,Troy Rudd - ACM.txt,0.5174277804162013,0.5168435846341748,0.5574337395365471,0.6028906646940466,0.5610319721574004,Troy Rudd - ACM.txt,0.4695652173913043,0.4869565217391304,0.5043478260869565,0.4695652173913043,0.6000000000000001
ellen cooper,1Ellen Cooper - LNC.txt,0.5403079582710398,0.4966728985309601,0.5516595582117622,0.6512768804713869,0.5368616849984365,Ellen Cooper - LNC.txt,0.48,0.52,0.5,0.44,0.6000000000000001
ellen cooper,1Ellen Cooper - LNC.txt,0.5403079582710398,0.4966728985309601,0.5516595582117622,0.6512768804713869,0.5368616849984365,1Ellen Cooper - LNC.txt,0.48,0.52,0.5,0.44,0.6000000000000001
richard fairbank,Richard Fairbank - COF.txt,0.5479463845733289,0.519465857768789,0.5457905036211459,0.5132224551034194,0.599331155542037,Richard Fairbank - COF.txt,0.5161290322580645,0.6000000000000001,0.5483870967741935,0.5612903225806452,0.4967741935483871
daryl kenningham,Daryl Kenningham - GPI.txt,0.5383455318745249,0.4856759129412391,0.562623764474202,0.5354448499935249,0.5704332821297734,Daryl Kenningham - GPI.txt,0.5,0.6000000000000001,0.525,0.525,0.525
christophe beck,Christophe Beck - ECL.txt,0.5208792517116791,0.477082589004614,0.5505421004231891,0.6032178649992679,0.5479330749980745,Christophe Beck - ECL.txt,0.515,0.47,0.56,0.465,0.6
fabrizio freda,Fabrizio Freda - EL.txt,0.5605699182788477,0.503681234050085,0.5387353858231867,0.4319331926253021,0.5925897788032088,Fabrizio Freda - EL.txt,0.5090909090909091,0.4181818181818182,0.5272727272727273,0.5636363636363637,0.6000000000000001
ron o_hanley,Ron O_Hanley - STT.txt,0.5081970363272237,0.5177083734664577,0.5466667164152114,0.4973892580096255,0.596610834357776,Ron O_Hanley - STT.txt,0.6000000000000001,0.5882352941176471,0.6000000000000001,0.4941176470588235,0.5647058823529412
donald macpherson,Donald Macpherson - GWW.txt,0.4905272507205902,0.4965121380880263,0.5497558492033291,0.5902470877691193,0.560181447314164,Donald Macpherson - GWW.txt,0.4916666666666667,0.5166666666666667,0.45,0.4166666666666667,0.6000000000000001
leon topalian,Leon Topalian - NUE.txt,0.4764096289895695,0.5052425042587648,0.5461328397540813,0.5704118873403227,0.5587319687509801,Leon Topalian - NUE.txt,0.6000000000000001,0.45,0.5916666666666668,0.525,0.55
scott smith,Scott Smith - VTRS.txt,0.5204458340574908,0.4980042802244002,0.5592783821722129,0.5330381498289967,0.5464610828542855,Scott Smith - VTRS.txt,0.4533333333333333,0.4466666666666667,0.5066666666666667,0.48,0.6000000000000001
dave bozeman,Dave Bozeman - CHRW.txt,0.5508817793839837,0.5165901034064283,0.5174119506749316,0.4314372868939381,0.5944408433070967,Dave Bozeman - CHRW.txt,0.475,0.425,0.6000000000000001,0.5750000000000001,0.5750000000000001
jenny parmentier,Jenny Parmentier - PH.txt,0.4566452670523007,0.5118823672608729,0.5412407290011138,0.3913014818234444,0.542696098452012,1Jenny Parmentier - PH.txt,0.5375000000000001,0.5,0.5125000000000001,0.45,0.6
jenny parmentier,Jenny Parmentier - PH.txt,0.4566452670523007,0.5118823672608729,0.5412407290011138,0.3913014818234444,0.542696098452012,Jenny Parmentier - PH.txt,0.5375000000000001,0.5,0.5125000000000001,0.45,0.6
calvin butler,Calvin Butler - EXC.txt,0.5233081670059255,0.509587502538808,0.551775751921036,0.6588342778785456,0.5788236028977275,Calvin Butler - EXC.txt,0.6000000000000001,0.4181818181818182,0.6000000000000001,0.5636363636363637,0.4545454545454546
carol tome,1Carol Tome - UPS.txt,0.4580047386790072,0.4785428776501826,0.5561919120883279,0.6360429141467321,0.5516250598071338,1Carol Tome - UPS.txt,0.6000000000000001,0.52,0.472,0.44,0.528
william hornbuckle,William Hornbuckle - MGM.txt,0.4876426663661986,0.4687098520441287,0.5602314414510481,0.6369607613393196,0.5556805555717649,William Hornbuckle - MGM.txt,0.6000000000000001,0.5777777777777778,0.5333333333333333,0.5,0.5222222222222223
steve squeri,Steve Squeri - AXP.txt,0.5487409234046936,0.4970097541809082,0.5351752638816833,0.5296167731285095,0.6226195693016052,Steve Squeri - AXP.txt,0.6000000000000001,0.45,0.5,0.45,0.5
ted pick,Ted Pick - MS.txt,0.4526294125633837,0.4966658938262975,0.5581771402464404,0.6310566033732392,0.5503602375374166,Ted Pick - MS.txt,0.6000000000000001,0.5095238095238095,0.5190476190476191,0.4380952380952381,0.4523809523809524
tim donahue,Tim Donahue - CCK.txt,0.4207943913261335,0.5244686474718938,0.523112264295927,0.4285270008783684,0.5114665761773345,Tim Donahue - CCK.txt,0.5875,0.6000000000000001,0.5375000000000001,0.45625,0.59375
phil gallagher,Phil Gallagher - AVT.txt,0.5499844986046322,0.5119833667126309,0.5421154695879666,0.4233902815128847,0.5948006980551427,Phil Gallagher - AVT.txt,0.6000000000000001,0.55,0.6000000000000001,0.4333333333333333,0.4833333333333334
karla lewis,1Karla Lewis - RS.txt,0.479911366325254,0.5237696587693906,0.5506461104445483,0.4373686611830928,0.546416886305561,1Karla Lewis - RS.txt,0.6000000000000001,0.4307692307692308,0.5076923076923077,0.4461538461538462,0.5538461538461539
christian ulbrich,Christian Ulbrich - JLL.txt,0.4947706758975983,0.4843552869722995,0.5554355517088684,0.6196613206315671,0.5363140106201172,Christian Ulbrich - JLL.txt,0.5666666666666667,0.5,0.6000000000000001,0.5,0.5666666666666667
chris boerner,Chris Boerner - BMY.txt,0.5024025440216064,0.4920094609260559,0.547776997089386,0.6742194890975952,0.5291914343833923,Chris Boerner - BMY.txt,0.4333333333333333,0.5666666666666667,0.4333333333333333,0.4666666666666667,0.6000000000000001
brian roberts,Brian Roberts - CMCSA.txt,0.5136671662330627,0.4803248345851898,0.5446524620056152,0.5236180424690247,0.5207964777946472,Brian Roberts - CMCSA.txt,0.5666666666666667,0.4666666666666667,0.6000000000000001,0.4666666666666667,0.5333333333333333
brian moynihan,Brian Moynihan - BAC.txt,0.5055407352030031,0.5180886858933635,0.5439386596524115,0.475586640817263,0.5780248106978196,Brian Moynihan - BAC.txt,0.5142857142857143,0.5285714285714286,0.6000000000000001,0.4785714285714286,0.55
hal lawton,Hal Lawton - TSCO.txt,0.511356479149556,0.4990871276518042,0.5576746638879909,0.6538866735839082,0.5326773878262818,Hal Lawton - TSCO.txt,0.6000000000000001,0.4666666666666667,0.5666666666666667,0.4333333333333333,0.45
matthew c,Matthew C. Lucey - PBF.txt,0.4482853392677992,0.5039917354409593,0.5461674875607159,0.612345213350516,0.5505998423598052,Matthew C. Lucey - PBF.txt,0.5454545454545454,0.5454545454545454,0.5454545454545454,0.6000000000000001,0.5818181818181818
judy marks,1Judy Marks - OTIS.txt,0.4790664111845205,0.5118522990026204,0.5335558551133452,0.5533220200265848,0.5189481207170586,Judy Marks - OTIS.txt,0.6000000000000001,0.4210526315789474,0.5578947368421053,0.5052631578947369,0.4736842105263158
judy marks,1Judy Marks - OTIS.txt,0.4790664111845205,0.5118522990026204,0.5335558551133452,0.5533220200265848,0.5189481207170586,1Judy Marks - OTIS.txt,0.6000000000000001,0.4210526315789474,0.5578947368421053,0.5052631578947369,0.4736842105263158
michel khalaf,Michel Khalaf - MET.txt,0.4524886906147003,0.5113569498062134,0.5415478348731995,0.5373852849006653,0.5312949419021606,Michel Khalaf - MET.txt,0.4,0.4857142857142857,0.4285714285714286,0.4,0.6000000000000001
jennifer rumsey,1Jennifer Rumsey - CMI.txt,0.5217626512382405,0.4910371588966777,0.5541451749474313,0.6372729099247842,0.5834085182365374,1Jennifer Rumsey - CMI.txt,0.5058823529411764,0.4235294117647059,0.5176470588235295,0.5176470588235295,0.6000000000000001
chris swift,Chris Swift - HIG.txt,0.5026003171700619,0.5082046685419281,0.5276026345478668,0.4760644671033051,0.5763199171736051,Chris Swift - HIG.txt,0.6000000000000001,0.528,0.448,0.496,0.504
sephanie ferris,1Sephanie Ferris - FIS.txt,0.5679900224469057,0.4968986403528995,0.5621595444052824,0.6561503408351,0.5921406862478755,1Sephanie Ferris - FIS.txt,0.6000000000000001,0.5333333333333333,0.5777777777777777,0.4777777777777778,0.5444444444444445
rob davis,Rob Davis - MRK.txt,0.4786103943901558,0.4993712657594897,0.5423163667481812,0.5021212913228705,0.5362733765186344,Rob Davis - MRK.txt,0.5428571428571429,0.4571428571428572,0.4714285714285714,0.4285714285714286,0.6000000000000001
samuel hazen,Samuel Hazen - HCA.txt,0.5545303638954417,0.4934528127780919,0.5514552809144231,0.5266274719798827,0.6019996821428435,Samuel Hazen - HCA.txt,0.5111111111111112,0.4777777777777778,0.6000000000000001,0.6000000000000001,0.5333333333333334
mark millett,Mark Millett - STLD.txt,0.4651998254832176,0.5036888760294705,0.5514281583752947,0.4744399137855422,0.5749200609041158,Mark Millett - STLD.txt,0.5586206896551724,0.4758620689655173,0.6000000000000001,0.4482758620689655,0.5103448275862069
christopher o_herlihy,Christopher O_Herlihy - ITW.txt,0.5575080909357336,0.5151998257155193,0.533367714386549,0.4106287512663099,0.5969561271836009,Christopher O_Herlihy - ITW.txt,0.4689655172413793,0.4137931034482759,0.4896551724137931,0.4758620689655173,0.6000000000000001
brian doubles,Brian Doubles - SYF.txt,0.5473144514031526,0.4896483955513548,0.5508869098540509,0.5613206275138414,0.5958540046096679,Brian Doubles - SYF.txt,0.5692307692307692,0.5076923076923077,0.6000000000000001,0.4461538461538462,0.5384615384615385
kenny wilson,Kenny Wilson - JBL.txt,0.4966931242069031,0.5071828685032224,0.5509244275940502,0.5959724964508747,0.5727834072698837,Kenny Wilson - JBL.txt,0.5166666666666667,0.4222222222222222,0.6000000000000001,0.4611111111111111,0.55
sanjay mehrotra,Sanjay Mehrotra - MU.txt,0.5584162894782961,0.4980171960195105,0.5357069722903729,0.4477204999974933,0.6110312067866452,Sanjay Mehrotra - MU.txt,0.4470588235294118,0.4705882352941177,0.4941176470588235,0.4941176470588235,0.6000000000000001
james quincey,James Quincey - KO.txt,0.4987089053896467,0.5100311592480814,0.5413178843609413,0.5268960948097842,0.5633556573462504,James Quincey - KO.txt,0.4938775510204082,0.4163265306122449,0.5142857142857143,0.5306122448979592,0.6000000000000001
brad beckham,Brad Beckham - ORLU.txt,0.5118923221044879,0.5111420492553587,0.5422634722169182,0.5410414779989379,0.56447378660382,Brad Beckham - ORLY.txt,0.5724137931034483,0.4413793103448276,0.6000000000000001,0.4827586206896552,0.496551724137931
brad beckham,Brad Beckham - ORLU.txt,0.5118923221044879,0.5111420492553587,0.5422634722169182,0.5410414779989379,0.56447378660382,Brad Beckham - ORLU.txt,0.5724137931034483,0.4413793103448276,0.6000000000000001,0.4827586206896552,0.496551724137931
kevin lobo,Kevin Lobo - SYK.txt,0.4928326203462512,0.4864756295873022,0.5498179492604875,0.5596281179699651,0.5766609724604654,Kevin Lobo - SYK.txt,0.6000000000000001,0.5206896551724138,0.5206896551724138,0.5,0.5586206896551724
john wren,John Wren - OMC.txt,0.5132503992888013,0.5148867477182487,0.5473827325326369,0.5575146678121955,0.5872600305287061,John Wren - OMC.txt,0.5666666666666667,0.5833333333333334,0.5666666666666667,0.5833333333333334,0.6000000000000001
joseph zubretsky,Joseph Zubretsky - MOH.txt,0.511442810840375,0.4876780695702735,0.544919620790999,0.5902535837283639,0.6071755540999269,Joseph Zubretsky - MOH.txt,0.4952380952380952,0.580952380952381,0.4666666666666667,0.5238095238095238,0.6000000000000001
ed bastian,Ed Bastian - DAL.txt,0.4523929999824346,0.5020780781133339,0.5451202587245928,0.5583216311798181,0.5195168663229592,Ed Bastian - DAL.txt,0.525,0.575,0.525,0.5625,0.6000000000000001
jack fusco,Jack Fusco - LNG.txt,0.4768819808959961,0.4724039733409881,0.5491630434989929,0.6366954445838928,0.4974912405014038,Jack Fusco - LNG.txt,0.6000000000000001,0.4666666666666667,0.6000000000000001,0.6000000000000001,0.6000000000000001
john zillmer,John Zillmer - ARMK.txt,0.5342488389449018,0.4819056306254063,0.5631428372993221,0.6299487178362966,0.561565323677973,John Zillmer - ARMK.txt,0.4528301886792453,0.4452830188679245,0.4679245283018868,0.6000000000000001,0.5924528301886793
bob jordan,Bob Jordan - LUV.txt,0.474964873129358,0.5139171262559168,0.5590531293881497,0.566789669866201,0.5718583592839857,Bob Jordan - LUV.txt,0.6000000000000001,0.5739130434782609,0.591304347826087,0.6000000000000001,0.4869565217391304
michael rapino,Michael Rapino - LYV.txt,0.5395447293240758,0.4697086161764338,0.560390512490158,0.5340933664341989,0.5851747744408885,Michael Rapino - LYV.txt,0.5619047619047619,0.5142857142857143,0.5904761904761905,0.4666666666666667,0.6000000000000001
bill rogers,Bill Rogers - TFC.txt,0.4891317391735643,0.5144155895151554,0.5432134489816256,0.4532290638520696,0.572325577718031,Bill Rogers - TFC.txt,0.48,0.52,0.46,0.56,0.6000000000000001
lynn good,1Lynn Good - DUK.txt,0.5323656199223037,0.4780936396518734,0.5483029092041708,0.5674706156869349,0.5927397342118482,1Lynn Good - DUK.txt,0.4962962962962963,0.4740740740740741,0.5555555555555556,0.5851851851851853,0.6000000000000001
james farley,James Farley - F.txt,0.5240725594763794,0.4828385815453335,0.5588824890074494,0.5184014701109361,0.571805397417395,James Farley - F.txt,0.4842105263157895,0.4526315789473684,0.6,0.5263157894736843,0.5052631578947369
jon vander ark,Jon Vander Ark - RSG.txt,0.4874093238088283,0.5116153113301367,0.5524783896420522,0.504909342091433,0.5663272881164368,Jon Vander Ark - RSG.txt,0.475,0.525,0.6000000000000001,0.525,0.55
donnie king,Donnie King - TSN.txt,0.5060410073002453,0.5068515466855379,0.5565785933591846,0.6288606251455598,0.567024235584864,Donnie King - TSN.txt,0.6000000000000001,0.5,0.5272727272727273,0.5090909090909091,0.4909090909090909
lourenco goncalves,Lourenco Goncalves - CLF.txt,0.446495283506031,0.5173542488826774,0.5386192818245411,0.5652473260900911,0.5689119107668353,Lourenco Goncalves - FCX.txt,0.5818181818181819,0.4818181818181818,0.6000000000000001,0.4363636363636364,0.5
lourenco goncalves,Lourenco Goncalves - CLF.txt,0.446495283506031,0.5173542488826774,0.5386192818245411,0.5652473260900911,0.5689119107668353,Lourenco Goncalves - CLF.txt,0.5818181818181819,0.4818181818181818,0.6000000000000001,0.4363636363636364,0.5
steve cahillane,Steve Cahillane - K.txt,0.54239621758461,0.512714191380825,0.5208728313446045,0.3911125904759679,0.5967760846651159,Steve Cahillane - K.txt,0.4571428571428572,0.5714285714285715,0.4571428571428572,0.6000000000000001,0.4857142857142857
john engel,John Engel - WCC.txt,0.5352642294614289,0.5150689501332834,0.5449131450070823,0.4838233201074753,0.5980503813162259,John Engel - WCC.txt,0.5217391304347826,0.4260869565217391,0.6,0.4260869565217391,0.4347826086956522
tom kingsbury,Tom Kingsbury - KSS.txt,0.5434396676383806,0.5064260228891346,0.5754386914059925,0.6584177782535356,0.5665047020953048,Tom Kingsbury - KSS.txt,0.5111111111111112,0.4,0.6000000000000001,0.4333333333333333,0.5666666666666667
joseph dominguez,Joseph Dominguez - CEG.txt,0.5334709333853007,0.5255365034566342,0.5164180470351554,0.4672223785723015,0.5426822824518405,Joseph Dominguez - CEG.txt,0.4375,0.4875,0.6000000000000001,0.475,0.5750000000000001
wilfred chiang,Wilfred Chiang - PAGP.txt,0.5234096926706302,0.520690494414541,0.5269169327943806,0.460046645789152,0.589717858090048,Wilfred Chiang - PAGP.txt,0.4769230769230769,0.6000000000000001,0.5692307692307692,0.5384615384615384,0.5230769230769231
tim go,Tim Go - DINO.txt,0.5251366728899466,0.488026315992259,0.5500689932199828,0.5174297510384879,0.6124948593034668,Tim Go - DINO.txt,0.6000000000000001,0.4285714285714286,0.6000000000000001,0.5857142857142857,0.5714285714285714
seifi ghasemi,Seifi Ghasemi - APD.txt,0.48614568572533,0.4920808946679094,0.5478877866817522,0.58745486162183,0.559115805127347,Seifi Ghasemi - APD.txt,0.4740740740740741,0.5037037037037038,0.6000000000000001,0.4666666666666667,0.562962962962963
gerardo norcia,Gerardo Norcia - DTE.txt,0.5212086762830694,0.502880310460568,0.5380476254577606,0.4643402860577827,0.598063586517254,Gerardo Norcia - DTE.txt,0.496969696969697,0.4303030303030303,0.5151515151515151,0.6000000000000001,0.5212121212121212
juan luciano,Juan Luciano - ADM.txt,0.5241593680293603,0.5060253619107472,0.5446206358388125,0.5762323575716379,0.594187160703668,Juan Luciano - ADM.txt,0.5130434782608696,0.5826086956521739,0.5304347826086957,0.5391304347826087,0.6000000000000001
duke austin,Duke Austin - PWR.txt,0.5110265835500095,0.5068700997843671,0.5440086042985951,0.5176431922791205,0.5733039906980676,Duke Austin - PWR.txt,0.4648648648648649,0.4756756756756757,0.5675675675675675,0.4648648648648649,0.6000000000000001
rick muncrief,Rick Muncrief - DVN.txt,0.4743907497453635,0.4904424849387129,0.5472191983663222,0.5986593527658401,0.5548145104890201,Rick Muncrief - DVN.txt,0.6000000000000001,0.4375,0.5625,0.5375000000000001,0.55
jason hollar,Jason Hollar - CAH.txt,0.5226736603536879,0.511352412152087,0.5464801476089047,0.5111413384579602,0.59284417902211,Jason Hollar - CAH.txt,0.4857142857142857,0.4514285714285714,0.5942857142857143,0.4571428571428572,0.6000000000000001
laurence fink,Laurence Fink - BLK.txt,0.5191300034585719,0.4818868000342253,0.5442023499199722,0.5663883172205131,0.5481672591709532,Laurence Fink - BLK.txt,0.55,0.4875,0.5375000000000001,0.4625,0.6000000000000001
david constable,David Constable - FLR.txt,0.445805456601849,0.4940261564212556,0.5562910012522957,0.5003170462170273,0.5397997959487786,David Constable - FLR.txt,0.6000000000000001,0.55,0.5625,0.525,0.55
ernie herrman,Ernie Herrman - TJX.txt,0.5427586143873683,0.5183609140840469,0.5297742103931408,0.4318515141836473,0.6057555969641336,Ernie Herrman - TJX.txt,0.5363636363636364,0.5636363636363637,0.6000000000000001,0.5818181818181818,0.4545454545454546
robin vince,Robin Vince - BK.txt,0.5245098816870118,0.5194811984689675,0.5616812903751672,0.5946333347756994,0.5789923908493679,Robin Vince - BK.txt,0.5416666666666667,0.55,0.6000000000000001,0.4416666666666666,0.6000000000000001
joe hinrichs,Joe Hinrichs - CSX.txt,0.5674384832382202,0.4824605286121368,0.5578644871711731,0.5409968495368958,0.5923916101455688,Joe Hinrichs - CSX.txt,0.6000000000000001,0.4,0.5636363636363637,0.4545454545454546,0.5636363636363637
robert ford,Robert Ford - ABT.txt,0.5256610944684261,0.5060024592444896,0.5347113464488905,0.4828401453521576,0.5899970849889681,Robert Ford - ABT.txt,0.5111111111111111,0.4388888888888889,0.4833333333333334,0.4472222222222222,0.6000000000000001
dara khosrowshahi,Dara Khosrowshahi - UBER.txt,0.537130563980695,0.4833992528481943,0.5586639967563782,0.5850638529981496,0.5752910812173779,Dara Khosrowshahi - UBER.txt,0.6000000000000001,0.4564102564102564,0.5282051282051282,0.4564102564102564,0.5897435897435899
lachlan murdoch,Lachlan Murdoch - FOXA.txt,0.5391778313066183,0.47900658538381,0.5458268172464158,0.4761102412512655,0.5786028114727262,Lachlan Murdoch - FOXA.txt,0.51,0.44,0.6000000000000001,0.48,0.6000000000000001
karen lynch,1Karen Lynch - CVS.txt,0.5316765372309723,0.4865265130116969,0.5493367162757083,0.6438833475112915,0.5451972478205749,1Karen Lynch - CVS.txt,0.475,0.5750000000000001,0.6000000000000001,0.5,0.475
tony spring,Tony Spring - M.txt,0.5581702115456854,0.4799101156520035,0.5613275993442721,0.5937472221372913,0.609081364349461,Tony Spring - M.txt,0.5096774193548388,0.4516129032258065,0.6000000000000001,0.4903225806451613,0.6000000000000001
chuck robbins,Chuck Robbins - CSCO.txt,0.5224285552896433,0.503802228825424,0.5515010091972962,0.5524763894644839,0.5909829502799646,Chuck Robbins - CSCO.txt,0.6000000000000001,0.4814814814814815,0.5333333333333333,0.5185185185185186,0.5555555555555556
andrew jassy,Andrew Jassy - AMZN.txt,0.5344359557035921,0.5046290376472183,0.5476231944102413,0.6010775541988193,0.5844454238331522,Andrew Jassy - AMZN.txt,0.4888888888888889,0.4592592592592592,0.6000000000000001,0.4740740740740741,0.5037037037037038
michael roman,Michael Roman - MMM.txt,0.5269867544928298,0.5288421059473898,0.5048703551292419,0.4293745993890668,0.6043395205702592,Michael Roman - MMM.txt,0.4444444444444445,0.4666666666666667,0.4444444444444445,0.6000000000000001,0.5555555555555556
michael hennigan,Michael Hennigan - MPC.txt,0.4897952378732658,0.4791237235727905,0.550789547961862,0.6087995897254593,0.5383387319313169,Michael Hennigan - MPC.txt,0.6000000000000001,0.432,0.52,0.464,0.504
lisa su,1Lisa Su - AMD.txt,0.5321517556968407,0.5022591357583152,0.5444983818856641,0.5264227814567252,0.6044715033689743,1Lisa Su - AMD.txt,0.5212121212121212,0.4363636363636364,0.5151515151515151,0.5090909090909091,0.6000000000000001
david flitman,David Flitman - USFD.txt,0.5299581944883055,0.4903046283602155,0.5548002646395053,0.6014931923799977,0.5805004295851509,David Flitman - USFD.txt,0.6000000000000001,0.4722222222222222,0.5222222222222223,0.538888888888889,0.6000000000000001
alan schnitzer- trv,Alan Schnitzer- TRV.txt,0.4436035998947531,0.5065846526393774,0.551390322487366,0.622388631105423,0.5541511606403449,Alan Schnitzer- TRV.txt,0.5666666666666667,0.5666666666666667,0.4333333333333333,0.4666666666666667,0.6000000000000001
carlos abrams-rivera,Carlos Abrams-Rivera - KHC.txt,0.5440637927523938,0.5000084084800406,0.5429397419442318,0.4904347147319215,0.5824977965685701,Carlos Abrams-Rivera - KHC.txt,0.4848484848484848,0.4666666666666667,0.6000000000000001,0.4727272727272728,0.5272727272727273
robert gamgort,Robert Gamgort - KDP.txt,0.5586070882427931,0.5292913611104951,0.5164562813218777,0.5073737335332412,0.5878297759069223,Robert Gamgort - KDP.txt,0.4833333333333334,0.45,0.4916666666666667,0.6000000000000001,0.5666666666666667
tim archer,Tim Archer - LRCX.txt,0.5300502190136884,0.5055268743870315,0.542281153276799,0.4627418996656582,0.6059916565497894,Tim Archer - LRCX.txt,0.6000000000000001,0.55,0.525,0.45,0.5583333333333333
sasan goodarzi,Sasan Goodarzi - INTU.txt,0.5281536663479532,0.5067681542076257,0.5432461599859904,0.5434717471066555,0.585957103330204,Sasan Goodarzi - INTU.txt,0.48,0.4466666666666667,0.5266666666666667,0.4833333333333333,0.6000000000000001
frank bisignano,Frank Bisignano - FI.txt,0.4652733065222945,0.5414881930028336,0.4977897743081146,0.4514714722878101,0.5039841578488885,Frank Bisignano - FI.txt,0.6000000000000001,0.4666666666666667,0.6000000000000001,0.4444444444444445,0.5333333333333333
andrew teno,Andrew Teno - IEP.txt,0.472421646118164,0.4988002479076385,0.5455769300460815,0.4831638634204864,0.5372308492660522,Andrew Teno - IEP.txt,0.6000000000000001,0.5333333333333333,0.4,0.4,0.4
dirk van de put,Dirk Van de Put - MDLZ.txt,0.5207458715193382,0.5087058277363307,0.5471262997484255,0.5594788650383954,0.5722816051940877,Dirk Van de Put - MDLZ.txt,0.5043478260869565,0.5043478260869565,0.5130434782608696,0.5391304347826087,0.6000000000000001
maria black,1Maria Black - ADP.txt,0.5347874351378514,0.5061003357932305,0.550321224772215,0.5722246778560023,0.599570673160401,1Maria Black - ADP.txt,0.512,0.46,0.6000000000000001,0.448,0.452
ryan marshall,Ryan Marshall - PHM.txt,0.5268195808792231,0.5041339799483319,0.5470369963963237,0.4896733003499234,0.5930966421486018,Ryan Marshall - PHM.txt,0.5,0.5466666666666666,0.6000000000000001,0.5,0.5
sarah london,1Sarah London - CNC.txt,0.545416378712349,0.477920443172744,0.5452276951158748,0.5767173994656235,0.5874366786640793,1Sarah London - CNC.txt,0.6000000000000001,0.4625,0.475,0.45625,0.48125
chris winfrey,Chris Winfrey - CHTR.txt,0.4870369924977964,0.5008302629045285,0.5540023939599712,0.6173916711952213,0.5822729977691219,Chris Winfrey - CHTR.txt,0.4857142857142857,0.5047619047619047,0.5047619047619047,0.4666666666666667,0.6000000000000001
jose almeida,Jose Almeida - BAX.txt,0.4675337718067685,0.4789032071711913,0.56546668772288,0.6327119213236556,0.5734949214192816,Jose Almeida - BAX.txt,0.5111111111111112,0.4222222222222222,0.5555555555555556,0.5111111111111112,0.6000000000000001
chuck magro,Chuck Magro - CTVA.txt,0.5137944966317018,0.5032403019505169,0.5447295237310406,0.5076894864301744,0.6010013154581966,Chuck Magro - CTVA.txt,0.6000000000000001,0.5142857142857143,0.5714285714285715,0.4285714285714286,0.6000000000000001
chris kempczinski,Chris Kempczinski - MCD.txt,0.5301372128903703,0.5099787517374827,0.5418217148504672,0.4716091081461709,0.5920822155606144,Chris Kempczinski - MCD.txt,0.4636363636363637,0.5363636363636364,0.5363636363636364,0.5181818181818182,0.6000000000000001
michael k,Michael K. Wirth - CVX.txt,0.5069724281583159,0.4659035905779505,0.5671637674236685,0.6373890759207216,0.563229331622202,Michael K. Wirth - CVX.txt,0.5,0.6000000000000001,0.5466666666666667,0.5733333333333334,0.4933333333333333
david cordani,David Cordani - CI.txt,0.5401345986012689,0.4741326433104645,0.5477072678939071,0.6157813918574779,0.5725140748849671,David Cordani - CI.txt,0.4545454545454546,0.4545454545454546,0.6000000000000001,0.5318181818181819,0.5272727272727273
pat bowe,Pat Bowe - ANDE.txt,0.50831592708828,0.4734084327680906,0.5691529616701597,0.6287092965104001,0.5775242593975507,Pat Bowe - ANDE.txt,0.4545454545454546,0.5818181818181818,0.5818181818181818,0.5090909090909091,0.6000000000000001
roger penske,Roger Penske - PAG.txt,0.4427816725825279,0.4894687551562405,0.5380649246562612,0.4745261112336408,0.5376549006380383,Roger Penske - PAG.txt,0.6000000000000001,0.52,0.56,0.48,0.5066666666666667
george holm,George Holm - PFGC.txt,0.5174774661282692,0.5174032191025294,0.5477874552106642,0.4792776951359549,0.5747192207459143,George Holm - PFGC.txt,0.5241379310344828,0.4827586206896552,0.4896551724137931,0.4482758620689655,0.6000000000000001
rainer blair,Rainer Blair - DHR.txt,0.5369312874639394,0.4892738950153835,0.5344090280127796,0.5428686998494052,0.6023350635893272,Rainer Blair - DHR.txt,0.5,0.47,0.43,0.44,0.6
noel wallace,Noel Wallace - CL.txt,0.5435351663710337,0.4863372164782272,0.5489245579510671,0.5967486604033866,0.6002595151015391,Noel Wallace - CL.txt,0.4895522388059702,0.4388059701492537,0.4656716417910448,0.4716417910447761,0.6000000000000001
patrick gelsinger,Patrick Gelsinger - INTC.txt,0.5206021475638901,0.5156808019721776,0.5378808992783832,0.4520335744000014,0.5821283331701481,Patrick Gelsinger - INTC.txt,0.6000000000000001,0.4705882352941177,0.5411764705882354,0.5235294117647059,0.511764705882353
richard adkerson,Richard Adkerson - FCX.txt,0.5017116821479686,0.5167412974610696,0.5516725881329143,0.5095452572146222,0.5888594444605536,Richard Adkerson - FCX.txt,0.4461538461538462,0.5230769230769231,0.6000000000000001,0.4615384615384615,0.4769230769230769
brian tyler,Brian Tyler - MCK.txt,0.542830342206394,0.5146426802011675,0.547775237658966,0.6018187089973693,0.6122662670598314,Brian Tyler - MCK.txt,0.5357142857142857,0.4,0.6000000000000001,0.4428571428571429,0.5571428571428572
charles lowrey,Charles Lowrey - PRU.txt,0.5218337757356424,0.5403795574715307,0.4984005391597748,0.3867104649543762,0.5796388381099463,Charles Lowrey - PRU.txt,0.4461538461538462,0.4615384615384615,0.5076923076923077,0.6000000000000001,0.5692307692307692
erik nordstrom,Erik Nordstrom - JWN.txt,0.546721177702339,0.4974200564153346,0.5517017150142693,0.484048843383789,0.6207167095871197,Erik Nordstrom - JWN.txt,0.5142857142857143,0.4,0.6000000000000001,0.4285714285714286,0.5714285714285714
mary barra,1Mary Barra - GM.txt,0.4997244207341852,0.5055866470387633,0.545518863869967,0.5372387950052224,0.5681811457541668,1Mary Barra - GM.txt,0.46,0.4133333333333333,0.5133333333333334,0.5800000000000001,0.6000000000000001
david gitlin,David Gitlin - CARR.txt,0.5070734273497408,0.5053759805772832,0.5381100279384309,0.4569481728996414,0.5888972536376378,David Gitlin - CARR.txt,0.6000000000000001,0.5461538461538462,0.5846153846153846,0.4307692307692308,0.576923076923077
lal karsanbhai,Lal Karsanbhai - EMR.txt,0.4908279899683267,0.492307149553194,0.5512517497499178,0.5893400815876129,0.5631666521422991,Lal Karsanbhai - EMR.txt,0.4666666666666667,0.6000000000000001,0.4222222222222222,0.6000000000000001,0.5777777777777778
ernie garcia,Ernie Garcia - CVNA.txt,0.5470024950151064,0.4933665182542856,0.5587489450043802,0.5780758726075137,0.5775832573724968,Ernie Garcia - CVNA.txt,0.4785714285714286,0.4321428571428571,0.6000000000000001,0.5035714285714286,0.5392857142857143
michael manley,Michael Manley - AN.txt,0.537281940542475,0.516857038821138,0.5537439657326478,0.5846261819420491,0.5532455797307366,Michael Manley - AN.txt,0.5153846153846154,0.4692307692307692,0.5153846153846154,0.5076923076923077,0.6000000000000001
bill nash,Bill Nash - KMX.txt,0.4804295642311201,0.5017374335658011,0.5482124482529686,0.5567214676007415,0.5782619702217557,Bill Nash - KMX.txt,0.5764705882352941,0.4705882352941176,0.6000000000000001,0.4705882352941176,0.5764705882352941
john ketchum,John Ketchum - NEE.txt,0.500970721244812,0.5113738179206848,0.5549927593786643,0.5218423499427709,0.5550899638254092,John Ketchum - NEE.txt,0.5333333333333333,0.6,0.4666666666666667,0.5333333333333333,0.5333333333333333
tho wilson,Tho Wilson - ALL.txt,0.5276464781487208,0.4841950529430151,0.5501348499846026,0.5653309498531783,0.5648761142918621,Tho Wilson - ALL.txt,0.511764705882353,0.4823529411764706,0.5,0.4529411764705883,0.6000000000000001
bob pragada,Bob Pragada - J.txt,0.5171959379781554,0.5047736153927166,0.5514274783970398,0.5467618326822801,0.59404067881641,Bob Pragada - J.txt,0.4666666666666667,0.5,0.6000000000000001,0.4555555555555556,0.5777777777777778
jim vena,Jim Vena - UNP.txt,0.5361939224972277,0.5019757542760951,0.5520328540740402,0.5359083251836468,0.5841603959408203,Jim Vena - UNP.txt,0.6000000000000001,0.5437500000000001,0.6000000000000001,0.5062500000000001,0.5750000000000001
doug mcmillon,Doug McMillon - WMT.txt,0.5292958276620344,0.5163523638158418,0.5549465628830968,0.5284888716977074,0.5817816399864596,Doug McMillon - WMT.txt,0.5894736842105264,0.5684210526315789,0.5578947368421053,0.4526315789473684,0.6000000000000001
bob eddy,Bob Eddy - BJ.txt,0.5535978255632045,0.4974029144953573,0.5494356479530204,0.6022944322779409,0.5953852287975346,Bob Eddy - BJ.txt,0.5081081081081081,0.4918918918918919,0.5297297297297298,0.4648648648648649,0.6
david goeckeler,David Goeckeler - WDC.txt,0.5462631548292982,0.4954493830139252,0.5542043569833633,0.4887811733945418,0.5844182469175957,David Goeckeler - WDC.txt,0.4903225806451613,0.4516129032258065,0.5741935483870968,0.4838709677419355,0.6000000000000001
bill rhodes,Bill Rhodes - AZO.txt,0.4959715209627224,0.4797020232934805,0.5490068454918259,0.6082659874357883,0.589930544319764,Bill Rhodes - AZO.txt,0.5071428571428571,0.4428571428571429,0.5071428571428571,0.5214285714285715,0.6000000000000001
rajesh subramaniam,Rajesh Subramaniam - FDX.txt,0.5318413612524191,0.495516699891296,0.5463331330409866,0.4736677626673496,0.5890683228196734,Rajesh Subramaniam - FDX.txt,0.5647058823529412,0.411764705882353,0.6000000000000001,0.4941176470588235,0.5411764705882353
